{
  "wesad": {
    "name": "wesad",
    "train_samples": 572,
    "test_samples": 287,
    "n_features": 30,
    "train_subjects": 10,
    "train_distribution": {
      "0": 372,
      "1": 200
    },
    "test_subjects": 5,
    "test_distribution": {
      "0": 185,
      "1": 102
    },
    "metrics": {
      "logistic_regression": {
        "accuracy": 0.9303135888501742,
        "macro_f1": 0.9213267543859649
      },
      "random_forest": {
        "accuracy": 0.9616724738675958,
        "macro_f1": 0.9587821341375844
      }
    },
    "cross_validation": {
      "logistic_regression": {
        "accuracy_mean": 0.8288861689106486,
        "accuracy_std": 0.056402994106984135,
        "macro_f1_mean": 0.8109137597064613,
        "macro_f1_std": 0.07412744096235956
      },
      "random_forest": {
        "accuracy_mean": 0.8091459268325852,
        "accuracy_std": 0.11054840096009795,
        "macro_f1_mean": 0.7859587435586373,
        "macro_f1_std": 0.12708363186219368
      }
    }
  },
  "swell": {
    "name": "swell",
    "train_samples": 2500,
    "test_samples": 639,
    "n_features": 16,
    "train_subjects": 20,
    "train_distribution": {
      "0": 822,
      "1": 1678
    },
    "test_subjects": 5,
    "test_distribution": {
      "0": 206,
      "1": 433
    },
    "metrics": {
      "logistic_regression": {
        "accuracy": 0.6791862284820032,
        "macro_f1": 0.4310427950329443
      },
      "random_forest": {
        "accuracy": 0.6713615023474179,
        "macro_f1": 0.5710586881472958
      }
    },
    "cross_validation": {
      "logistic_regression": {
        "accuracy_mean": 0.6689653916582464,
        "accuracy_std": 0.013550638257658905,
        "macro_f1_mean": 0.4222332964169858,
        "macro_f1_std": 0.013650783977088384
      },
      "random_forest": {
        "accuracy_mean": 0.6699840153000346,
        "accuracy_std": 0.013620312413822541,
        "macro_f1_mean": 0.5802780745583342,
        "macro_f1_std": 0.013471844610180028
      }
    }
  },
  "multimodal": {
    "name": "multimodal",
    "train_samples": 2453,
    "validation_samples": 619,
    "test_samples": 926,
    "n_features": 47,
    "train_subjects": 24,
    "validation_subjects": 6,
    "test_subjects": 10,
    "train_sources": {
      "wesad": 457,
      "swell": 1996
    },
    "validation_sources": {
      "wesad": 115,
      "swell": 504
    },
    "test_sources": {
      "wesad": 287,
      "swell": 639
    },
    "metrics": {
      "logistic_regression": {
        "accuracy": 0.7181425485961123,
        "macro_f1": 0.6614259597806216
      },
      "random_forest": {
        "accuracy": 0.7526997840172787,
        "macro_f1": 0.7426488524697599
      }
    },
    "validation_metrics": {
      "logistic_regression": {
        "accuracy": 0.6607431340872375,
        "macro_f1": 0.522573015220074
      },
      "random_forest": {
        "accuracy": 0.6930533117932148,
        "macro_f1": 0.6736319236319237
      }
    },
    "cross_validation": {
      "logistic_regression": {
        "accuracy_mean": 0.6969524897570449,
        "accuracy_std": 0.037342284907446156,
        "macro_f1_mean": 0.615928205752075,
        "macro_f1_std": 0.046892389546661944
      },
      "random_forest": {
        "accuracy_mean": 0.6949221319097066,
        "accuracy_std": 0.046623751348490755,
        "macro_f1_mean": 0.6595769241877248,
        "macro_f1_std": 0.059549712466901564
      }
    }
  }
}