{
  "Logistic Regression": {
    "validation": {
      "accuracy": 0.5443113772455089,
      "precision": 0.6238202844609864,
      "recall": 0.4954080016890109,
      "f1": 0.5522475876676866,
      "confusion_matrix": [
        [
          4397,
          2830
        ],
        [
          4780,
          4693
        ]
      ]
    },
    "test": {
      "accuracy": 0.5443113772455089,
      "precision": 0.6238202844609864,
      "recall": 0.4954080016890109,
      "f1": 0.5522475876676866,
      "confusion_matrix": [
        [
          4397,
          2830
        ],
        [
          4780,
          4693
        ]
      ]
    }
  },
  "Random Forest": {
    "validation": {
      "accuracy": 0.5725149700598803,
      "precision": 0.6502704094772084,
      "recall": 0.5330940567929906,
      "f1": 0.5858808515575149,
      "confusion_matrix": [
        [
          4511,
          2716
        ],
        [
          4423,
          5050
        ]
      ]
    },
    "test": {
      "accuracy": 0.5725149700598803,
      "precision": 0.6502704094772084,
      "recall": 0.5330940567929906,
      "f1": 0.5858808515575149,
      "confusion_matrix": [
        [
          4511,
          2716
        ],
        [
          4423,
          5050
        ]
      ]
    }
  },
  "SVM": {
    "validation": {
      "accuracy": 0.5149700598802395,
      "precision": 0.6073494917904613,
      "recall": 0.4100073894225694,
      "f1": 0.48953869422737584,
      "confusion_matrix": [
        [
          4716,
          2511
        ],
        [
          5589,
          3884
        ]
      ]
    },
    "test": {
      "accuracy": 0.5149700598802395,
      "precision": 0.6073494917904613,
      "recall": 0.4100073894225694,
      "f1": 0.48953869422737584,
      "confusion_matrix": [
        [
          4716,
          2511
        ],
        [
          5589,
          3884
        ]
      ]
    }
  }
}