{
  "XGBoost_Optimized": {
    "mean_accuracy": 0.49792031766130035,
    "std_accuracy": 0.02599860198141503,
    "mean_f1": 0.4435138880785276,
    "confusion_matrix": [
      [
        1671,
        468,
        30
      ],
      [
        993,
        282,
        17
      ],
      [
        354,
        109,
        3
      ]
    ],
    "classification_report": {
      "0": {
        "precision": 0.5536779324055666,
        "recall": 0.7704011065006916,
        "f1-score": 0.6443030653556969,
        "support": 2169.0
      },
      "1": {
        "precision": 0.32828870779976715,
        "recall": 0.21826625386996903,
        "f1-score": 0.26220362622036264,
        "support": 1292.0
      },
      "2": {
        "precision": 0.06,
        "recall": 0.006437768240343348,
        "f1-score": 0.011627906976744186,
        "support": 466.0
      },
      "accuracy": 0.49809014514896865,
      "macro avg": {
        "precision": 0.31398888006844455,
        "recall": 0.33170170953700134,
        "f1-score": 0.3060448661842679,
        "support": 3927.0
      },
      "weighted avg": {
        "precision": 0.42094129000890584,
        "recall": 0.49809014514896865,
        "f1-score": 0.4435138880785276,
        "support": 3927.0
      }
    }
  },
  "DeepMLP_Residual": {
    "mean_accuracy": 0.3181969123417272,
    "std_accuracy": 0.03932138413236688,
    "mean_f1": 0.3538834359574475,
    "confusion_matrix": [
      [
        647,
        585,
        937
      ],
      [
        280,
        401,
        611
      ],
      [
        89,
        173,
        204
      ]
    ],
    "classification_report": {
      "0": {
        "precision": 0.6368110236220472,
        "recall": 0.2982941447671738,
        "f1-score": 0.40627943485086343,
        "support": 2169.0
      },
      "1": {
        "precision": 0.3459879206212252,
        "recall": 0.31037151702786375,
        "f1-score": 0.32721338229294167,
        "support": 1292.0
      },
      "2": {
        "precision": 0.11643835616438356,
        "recall": 0.43776824034334766,
        "f1-score": 0.18394950405770966,
        "support": 466.0
      },
      "accuracy": 0.3188184364654953,
      "macro avg": {
        "precision": 0.36641243346921865,
        "recall": 0.3488113007127951,
        "f1-score": 0.3058141070671716,
        "support": 3927.0
      },
      "weighted avg": {
        "precision": 0.4793786039346693,
        "recall": 0.3188184364654953,
        "f1-score": 0.3538834359574475,
        "support": 3927.0
      }
    }
  }
}