,physiology_hr,physiology_rmssd,physiology_scl,computer_snmouseact,facial_svalence,posture_leanangle(avg)
physiology_hr,0.9999999999999999,0.9999248477093716,0.4318396532380955,0.03472127932667401,0.0004450501087551779,0.0280852002286712
physiology_rmssd,0.9999248477093716,1.0,0.4320035349497492,0.03425568948260553,0.00046589268872789457,0.027351234659427567
physiology_scl,0.4318396532380954,0.43200353494974925,1.0,0.07660619731166496,-0.0028717530359944152,-0.05516248680955869
computer_snmouseact,0.03472127932667401,0.034255689482605524,0.07660619731166496,1.0,-0.0022630723826691577,0.07936533050293211
facial_svalence,0.0004450501087551779,0.0004658926887278946,-0.0028717530359944152,-0.002263072382669158,0.9999999999999998,0.009064397473877465
posture_leanangle(avg),0.0280852002286712,0.027351234659427567,-0.05516248680955868,0.0793653305029321,0.009064397473877465,0.9999999999999998
