{
  "data_dir": "data/SWEET/selection1/users",
  "label_strategy": "ordinal_3class",
  "threshold": 3.0,
  "input_dim": 14,
  "hidden_dims": [
    64,
    32
  ],
  "num_classes": 3,
  "train_samples": 2778,
  "val_samples": 736,
  "test_samples": 413,
  "train_subjects": [
    "user0941",
    "user0192",
    "user1005",
    "user0184",
    "user0234",
    "user0916",
    "user0873",
    "user0214",
    "user1025",
    "user1077",
    "user0096",
    "user0208",
    "user0207",
    "user1092",
    "user1027",
    "user1150",
    "user0880",
    "user0947",
    "user0099",
    "user1120",
    "user1108",
    "user0257",
    "user0215",
    "user0871",
    "user0125",
    "user0937",
    "user0981",
    "user0211",
    "user1002",
    "user1013",
    "user0260",
    "user0091",
    "user1065",
    "user0994",
    "user0135",
    "user0220",
    "user0340",
    "user0843",
    "user0183",
    "user0275",
    "user1091",
    "user0276",
    "user0301",
    "user0979",
    "user0103",
    "user0971",
    "user0093",
    "user1026",
    "user1061",
    "user0918",
    "user0098",
    "user1040",
    "user1105",
    "user0188",
    "user1067",
    "user0302",
    "user1019",
    "user0227",
    "user0926",
    "user1138",
    "user0197",
    "user1129",
    "user0980",
    "user0170",
    "user0862",
    "user0940",
    "user0132",
    "user0942",
    "user0226",
    "user0997",
    "user0174"
  ],
  "val_subjects": [
    "user0303",
    "user1028",
    "user0969",
    "user0245",
    "user0221",
    "user0928",
    "user0998",
    "user1069",
    "user1144",
    "user0897",
    "user0869",
    "user0105",
    "user1089",
    "user0141",
    "user1064",
    "user0280",
    "user0195",
    "user0186",
    "user0249",
    "user0953"
  ],
  "test_subjects": [
    "user0849",
    "user0151",
    "user0895",
    "user0166",
    "user0160",
    "user0966",
    "user0253",
    "user1121",
    "user0963",
    "user1012",
    "user0129"
  ],
  "feature_names": [
    "ECG_mean_heart_rate",
    "ECG_sdnn",
    "ECG_rmssd",
    "ECG_LF",
    "ECG_HF",
    "ECG_LFHF",
    "ECG_QI_mean",
    "mean_x",
    "mean_y",
    "mean_z",
    "std_x",
    "std_y",
    "std_z",
    "magnitude_xyz"
  ],
  "final_test_accuracy": 0.5108958837772397,
  "final_val_accuracy": 0.6127717391304348,
  "epochs": 100,
  "lr": 0.001,
  "batch_size": 32,
  "seed": 42
}