{
  "mean": [
    76.86221593920439,
    108.75601154178769,
    833.9427027069705,
    0.002428232281963446,
    0.0016274261846316003,
    3.270651415157385,
    0.8275965001433614,
    0.05168031377946344,
    -0.8794931871243731,
    -0.23671739482668944,
    0.11076012609470576,
    0.10846974467556295,
    0.19849844985987614,
    10272.53260380857
  ],
  "scale": [
    14.39522743473159,
    109.11307386572116,
    693.8127669637652,
    0.003778652610160155,
    0.0022632190374502993,
    6.9974282042123335,
    0.2307357598753164,
    0.18483349554436698,
    0.29765930731540224,
    0.3201950705542844,
    0.06882554227183829,
    0.09627179661699088,
    0.1357956394847845,
    389.1208397533633
  ],
  "var": [
    207.22257289764903,
    11905.662888426323,
    481376.15560191585,
    1.4278215548270154e-05,
    5.122160411477459e-06,
    48.96400147310624,
    0.053238990885239666,
    0.03416342107514953,
    0.08860106323148509,
    0.10252488320726318,
    0.004736955269012599,
    0.009268258823863257,
    0.018440455703081567,
    151415.02793036267
  ],
  "feature_names": [
    "ECG_mean_heart_rate",
    "ECG_sdnn",
    "ECG_rmssd",
    "ECG_LF",
    "ECG_HF",
    "ECG_LFHF",
    "ECG_QI_mean",
    "mean_x",
    "mean_y",
    "mean_z",
    "std_x",
    "std_y",
    "std_z",
    "magnitude_xyz"
  ]
}