{
  "train_loss": [
    87.06211651581667,
    8.71288633646941,
    2.268348774865345,
    1.730187366384667,
    1.3638790727434096,
    1.2191551153912144,
    1.1612570363896797,
    1.3013001126381372,
    1.0687451741092922,
    1.0440848158622835,
    1.0359599327680618,
    1.0219069342547995,
    0.9821438065014614,
    0.9824377096669119,
    0.9696022321887803,
    1.009539632594697,
    0.9926270760590434,
    0.9700676767065681,
    0.9911510902312782,
    1.0319600090695595,
    0.9687640883237703,
    0.963829898508098,
    0.9822000547052717,
    0.9660833164716985,
    0.9588536977167178,
    0.9877950417386103,
    0.9824696562975066,
    0.9615414454149118,
    0.9693141964547834,
    0.9630285915150927,
    0.9630608755191339,
    0.9600615217756076,
    0.9939742383551821,
    0.971227475342088,
    0.969342387134519,
    0.9613462837159505,
    0.9619602668276788,
    0.9620547931429463,
    0.9601890787621725,
    0.9591374828971659,
    0.9600628008080353,
    0.9643918166407756,
    0.970416480041048,
    0.9593985904627691,
    0.9597820634889981,
    0.9679324209818829,
    0.9606100089949957,
    0.9612155223253221,
    0.9729207933077801,
    0.9604879358073977,
    1.0059628131322675,
    0.9591933245964407,
    0.9605703221713149,
    0.9687159356236715,
    0.9593597984811743,
    0.9590987239577429,
    0.9668221815272662,
    0.959491730294183,
    0.9600444109513658,
    0.959378135513281,
    0.959530563256653,
    0.9600635130170269,
    0.9595237921861713,
    0.9595482473840294,
    0.9592894059106375,
    0.9594968326491705,
    0.9594935075339007,
    0.9585777652014752,
    0.9591223919795004,
    0.9773608834474012,
    0.9591141078350267,
    0.9596017003488506,
    0.9616946592615868,
    0.9597423831879277,
    0.9608503068583402,
    0.9605465677678799,
    0.959575117063488,
    0.9595673167508141,
    0.9593516056961597,
    0.9611548283187669,
    0.9595704367900598,
    0.9595642998718031,
    0.9588197177052069,
    0.9593419896946955,
    0.9639123203601658,
    0.9596153488255302,
    0.9595733372490556,
    0.9680538622915873,
    0.9595777432724587,
    0.9596131842629012,
    0.9596019554172514,
    0.9595803160560998,
    0.9595965878237401,
    0.9594309063932722,
    0.959560274991996,
    0.9595847711707295,
    0.9595793977411983,
    0.9596023554420883,
    0.9835163569433214,
    0.97846644262859
  ],
  "train_acc": [
    0.3992080633549316,
    0.4535637149028078,
    0.5241180705543557,
    0.5302375809935205,
    0.5349172066234701,
    0.5363570914326854,
    0.5381569474442045,
    0.5428365730741541,
    0.5385169186465083,
    0.5406767458603312,
    0.5417566594672426,
    0.5421166306695464,
    0.5413966882649388,
    0.5417566594672426,
    0.5439164866810655,
    0.5392368610511159,
    0.5421166306695464,
    0.5424766018718502,
    0.5424766018718502,
    0.5413966882649388,
    0.5417566594672426,
    0.5417566594672426,
    0.541036717062635,
    0.5424766018718502,
    0.5428365730741541,
    0.5421166306695464,
    0.5424766018718502,
    0.5435565154787617,
    0.5413966882649388,
    0.5421166306695464,
    0.5417566594672426,
    0.5428365730741541,
    0.5421166306695464,
    0.5417566594672426,
    0.5421166306695464,
    0.5417566594672426,
    0.5424766018718502,
    0.5424766018718502,
    0.5424766018718502,
    0.5424766018718502,
    0.5424766018718502,
    0.5424766018718502,
    0.5424766018718502,
    0.5417566594672426,
    0.5421166306695464,
    0.5424766018718502,
    0.5424766018718502,
    0.5421166306695464,
    0.5421166306695464,
    0.5421166306695464,
    0.5421166306695464,
    0.5424766018718502,
    0.5424766018718502,
    0.5421166306695464,
    0.5424766018718502,
    0.5428365730741541,
    0.5421166306695464,
    0.5424766018718502,
    0.5424766018718502,
    0.5424766018718502,
    0.5424766018718502,
    0.5424766018718502,
    0.5424766018718502,
    0.5424766018718502,
    0.5424766018718502,
    0.5424766018718502,
    0.5424766018718502,
    0.5428365730741541,
    0.5424766018718502,
    0.5424766018718502,
    0.5424766018718502,
    0.5424766018718502,
    0.5424766018718502,
    0.5424766018718502,
    0.5424766018718502,
    0.5424766018718502,
    0.5424766018718502,
    0.5424766018718502,
    0.5424766018718502,
    0.5424766018718502,
    0.5424766018718502,
    0.5424766018718502,
    0.5428365730741541,
    0.5424766018718502,
    0.5421166306695464,
    0.5424766018718502,
    0.5424766018718502,
    0.5421166306695464,
    0.5424766018718502,
    0.5424766018718502,
    0.5424766018718502,
    0.5424766018718502,
    0.5424766018718502,
    0.5424766018718502,
    0.5424766018718502,
    0.5424766018718502,
    0.5424766018718502,
    0.5424766018718502,
    0.5424766018718502,
    0.5421166306695464
  ],
  "val_loss": [
    4.56326759379843,
    1.0707946393800818,
    1.0427060619644497,
    1.0012523350508318,
    0.976620614528656,
    0.9565708196681478,
    0.9401746780976005,
    0.9279348565184552,
    0.9176280576249828,
    0.9098620233328446,
    0.9038707380709441,
    0.8992236075193986,
    0.8957771943963092,
    0.8925502922223962,
    0.8900796356408492,
    0.8879489924596704,
    0.8859020134677058,
    0.8848164936770564,
    0.8838256830754487,
    0.8828912325527357,
    0.8823065032129702,
    0.8814123350641002,
    0.8812214550764664,
    0.8805090551790984,
    0.8803477054056914,
    0.8799365292424741,
    0.8801204743592635,
    0.8800965858542401,
    0.8793685021607772,
    0.87940804336382,
    0.8793240345042684,
    0.8793471922045168,
    0.8793848312419393,
    0.8792626572691876,
    0.8791985900505729,
    0.879340340261874,
    0.878981219685596,
    0.8792951599411343,
    0.878980991633042,
    0.87877916512282,
    0.8790915582491003,
    0.8792225588922915,
    0.8786324858665466,
    0.8788115019383638,
    0.8788630262665127,
    0.8788368650104689,
    0.878507894018422,
    0.8789601533309274,
    0.878818462724271,
    0.8787344434986943,
    0.8784733621970467,
    0.8787589798802915,
    0.8790181564248126,
    0.8788965007533198,
    0.8788050750027532,
    0.8786399675452191,
    0.8786468894585319,
    0.8789504144502722,
    0.8790577546409939,
    0.8789525394854338,
    0.8790281233580216,
    0.8787940040878628,
    0.8787787582563318,
    0.8784275676893152,
    0.8788664211397585,
    0.8789797062459199,
    0.878621562667515,
    0.878895324209462,
    0.878858190515767,
    0.8788343745729198,
    0.8787961550380873,
    0.8788183175999186,
    0.8789596998173258,
    0.879158413928488,
    0.878907965577167,
    0.8787785172462463,
    0.8789761766143467,
    0.8787216466406117,
    0.878460565338964,
    0.8786986962608669,
    0.8785834571589595,
    0.8790349364280701,
    0.8788054352221282,
    0.8788124115570731,
    0.87832220222639,
    0.8786232704701631,
    0.8789506839669269,
    0.8783961508585059,
    0.8788046499957209,
    0.8788215517997742,
    0.8788481743439384,
    0.8788367639417234,
    0.8792654198148976,
    0.8785114936206652,
    0.8786680594734524,
    0.8787590472594552,
    0.878746950108072,
    0.8787720151569532,
    0.8785755297412043,
    0.8789183419683705
  ],